event_time,type,visitor_id,file_name,file_bytes,target_mb,message,job_id
"2026-04-23 09:31:26",page_visit,001897c5-8aed-4938-aeb8-a6b82e0a397e,,,,,
"2026-04-23 09:26:51",page_visit,001897c5-8aed-4938-aeb8-a6b82e0a397e,,,,,
"2026-04-23 09:26:47",page_visit,001897c5-8aed-4938-aeb8-a6b82e0a397e,,,,,
"2026-04-23 09:25:48",page_visit,001897c5-8aed-4938-aeb8-a6b82e0a397e,,,,,
"2026-04-23 09:25:42",page_visit,001897c5-8aed-4938-aeb8-a6b82e0a397e,,,,,
"2026-04-23 09:25:13",page_visit,001897c5-8aed-4938-aeb8-a6b82e0a397e,,,,,
"2026-04-22 21:29:08",page_visit,450c7e2c-dfe9-444b-9fc3-f5c616ced9c0,,,,,
"2026-04-21 19:52:06",compress_success,e065a5e6-f39f-4c4f-b01c-3a4bc062fe12,"资深体验设计师-李彬-作品集-高清版.pdf",,14.0,,4ef6b1a7-a497-49f9-a180-df0931d0a0cf
"2026-04-21 19:48:04",compress_start,96f55673-88cf-4990-a9cf-c09440cc0dd2,"资深体验设计师-李彬-作品集-高清版.pdf",92896491,14.0,,
"2026-04-21 19:48:04",upload_success,69f0a49b-3f30-4b9f-8a0e-8beb73a8af94,"资深体验设计师-李彬-作品集-高清版.pdf",92896491,,,
"2026-04-21 19:48:04",upload_click,080f414f-5da7-4d59-a21c-11b1513c7d4a,,,,,
"2026-04-20 15:16:35",compress_success,001897c5-8aed-4938-aeb8-a6b82e0a397e,"资深体验设计师-李彬-作品集-高清版.pdf",,13.0,,20c1e4b8-8b79-4d77-9850-7d3724a7a21d
"2026-04-20 15:12:18",compress_start,001897c5-8aed-4938-aeb8-a6b82e0a397e,"资深体验设计师-李彬-作品集-高清版.pdf",92896491,13.0,,
"2026-04-20 15:12:18",upload_success,001897c5-8aed-4938-aeb8-a6b82e0a397e,"资深体验设计师-李彬-作品集-高清版.pdf",92896491,,,
"2026-04-20 15:12:18",upload_click,001897c5-8aed-4938-aeb8-a6b82e0a397e,,,,,
"2026-04-20 14:36:26",page_visit,001897c5-8aed-4938-aeb8-a6b82e0a397e,,,,,
"2026-04-20 14:01:32",page_visit,001897c5-8aed-4938-aeb8-a6b82e0a397e,,,,,
"2026-04-20 14:01:07",page_visit,001897c5-8aed-4938-aeb8-a6b82e0a397e,,,,,
"2026-04-20 13:54:32",page_visit,001897c5-8aed-4938-aeb8-a6b82e0a397e,,,,,
"2026-04-20 13:54:30",page_visit,001897c5-8aed-4938-aeb8-a6b82e0a397e,,,,,
"2026-04-20 13:49:27",compress_success,001897c5-8aed-4938-aeb8-a6b82e0a397e,"资深体验设计师-李彬-作品集-高清版.pdf",,12.0,,1c47eecd-2b7d-4ad8-916b-b3397a0b4228
"2026-04-20 13:45:04",compress_start,001897c5-8aed-4938-aeb8-a6b82e0a397e,"资深体验设计师-李彬-作品集-高清版.pdf",92896491,12.0,,
"2026-04-20 13:45:04",upload_success,001897c5-8aed-4938-aeb8-a6b82e0a397e,"资深体验设计师-李彬-作品集-高清版.pdf",92896491,,,
"2026-04-20 13:45:04",upload_click,001897c5-8aed-4938-aeb8-a6b82e0a397e,,,,,
"2026-04-20 13:45:02",target_size_input,001897c5-8aed-4938-aeb8-a6b82e0a397e,,,12.0,,
"2026-04-20 13:45:02",target_size_input,001897c5-8aed-4938-aeb8-a6b82e0a397e,,,1.0,,
"2026-04-20 13:45:01",upload_success,001897c5-8aed-4938-aeb8-a6b82e0a397e,"资深体验设计师-李彬-作品集-高清版.pdf",92896491,,,
"2026-04-20 13:44:48",upload_click,001897c5-8aed-4938-aeb8-a6b82e0a397e,,,,,
"2026-04-20 13:44:25",page_visit,001897c5-8aed-4938-aeb8-a6b82e0a397e,,,,,
"2026-04-20 13:38:06",page_visit,001897c5-8aed-4938-aeb8-a6b82e0a397e,,,,,
"2026-04-20 13:35:36",page_visit,001897c5-8aed-4938-aeb8-a6b82e0a397e,,,,,
"2026-04-20 13:35:01",compress_success,001897c5-8aed-4938-aeb8-a6b82e0a397e,"设计作品集.pdf",,8.0,,5c0925bb-1aa6-42e2-ad00-24eb3d4557ac
"2026-04-20 13:32:14",compress_start,001897c5-8aed-4938-aeb8-a6b82e0a397e,"设计作品集.pdf",20481045,8.0,,
"2026-04-20 13:32:14",upload_success,001897c5-8aed-4938-aeb8-a6b82e0a397e,"设计作品集.pdf",20481045,,,
"2026-04-20 13:32:13",upload_click,001897c5-8aed-4938-aeb8-a6b82e0a397e,,,,,
"2026-04-20 13:32:12",target_size_input,001897c5-8aed-4938-aeb8-a6b82e0a397e,,,8.0,,
"2026-04-20 13:32:10",upload_success,001897c5-8aed-4938-aeb8-a6b82e0a397e,"设计作品集.pdf",20481045,,,
"2026-04-20 13:32:02",upload_click,001897c5-8aed-4938-aeb8-a6b82e0a397e,,,,,
"2026-04-20 13:32:01",page_visit,001897c5-8aed-4938-aeb8-a6b82e0a397e,,,,,
"2026-04-20 13:19:32",compress_success,001897c5-8aed-4938-aeb8-a6b82e0a397e,"资深体验设计师-李彬-作品集.pdf",,20.0,,92cceb5b-7bd1-4abb-b374-91285f6a32ee
"2026-04-20 13:17:22",compress_start,001897c5-8aed-4938-aeb8-a6b82e0a397e,"资深体验设计师-李彬-作品集.pdf",29927503,20.0,,
"2026-04-20 13:17:22",upload_success,001897c5-8aed-4938-aeb8-a6b82e0a397e,"资深体验设计师-李彬-作品集.pdf",29927503,,,
"2026-04-20 13:17:21",upload_click,001897c5-8aed-4938-aeb8-a6b82e0a397e,,,,,
"2026-04-20 13:17:20",target_size_input,001897c5-8aed-4938-aeb8-a6b82e0a397e,,,20.0,,
"2026-04-20 13:17:19",target_size_input,001897c5-8aed-4938-aeb8-a6b82e0a397e,,,2.0,,
"2026-04-20 13:17:10",download_success,001897c5-8aed-4938-aeb8-a6b82e0a397e,"资深体验设计师-李彬-作品集-compressed.pdf",,,,6d084dff-672b-4c35-bc43-5f549c57f274
"2026-04-20 13:17:10",download_click,001897c5-8aed-4938-aeb8-a6b82e0a397e,,,,,6d084dff-672b-4c35-bc43-5f549c57f274
"2026-04-20 13:10:42",compress_success,001897c5-8aed-4938-aeb8-a6b82e0a397e,"资深体验设计师-李彬-作品集.pdf",,16.0,,6d084dff-672b-4c35-bc43-5f549c57f274
"2026-04-20 13:08:38",compress_start,001897c5-8aed-4938-aeb8-a6b82e0a397e,"资深体验设计师-李彬-作品集.pdf",29927503,16.0,,
"2026-04-20 13:08:38",upload_success,001897c5-8aed-4938-aeb8-a6b82e0a397e,"资深体验设计师-李彬-作品集.pdf",29927503,,,
"2026-04-20 13:08:38",upload_click,001897c5-8aed-4938-aeb8-a6b82e0a397e,,,,,
"2026-04-20 13:08:38",target_size_input,001897c5-8aed-4938-aeb8-a6b82e0a397e,,,16.0,,
"2026-04-20 13:08:37",target_size_input,001897c5-8aed-4938-aeb8-a6b82e0a397e,,,1.0,,
"2026-04-20 13:08:29",upload_success,001897c5-8aed-4938-aeb8-a6b82e0a397e,"资深体验设计师-李彬-作品集.pdf",29927503,,,
"2026-04-20 13:08:21",upload_click,001897c5-8aed-4938-aeb8-a6b82e0a397e,,,,,
"2026-04-20 10:36:39",compress_success,001897c5-8aed-4938-aeb8-a6b82e0a397e,"资深体验设计师-李彬-作品集-原始41M备份.pdf",,15.0,,98e8ddb8-3449-4aca-b248-c907ddf8323e
"2026-04-20 10:35:23",compress_start,001897c5-8aed-4938-aeb8-a6b82e0a397e,"资深体验设计师-李彬-作品集-原始41M备份.pdf",42544616,15.0,,
"2026-04-20 10:35:23",upload_success,001897c5-8aed-4938-aeb8-a6b82e0a397e,"资深体验设计师-李彬-作品集-原始41M备份.pdf",42544616,,,
"2026-04-20 10:35:23",upload_click,001897c5-8aed-4938-aeb8-a6b82e0a397e,,,,,
"2026-04-20 10:35:22",target_size_input,001897c5-8aed-4938-aeb8-a6b82e0a397e,,,15.0,,
"2026-04-20 10:35:21",target_size_input,001897c5-8aed-4938-aeb8-a6b82e0a397e,,,1.0,,
"2026-04-20 09:24:03",download_success,001897c5-8aed-4938-aeb8-a6b82e0a397e,"资深体验设计师-李彬-作品集-原始41M备份-compressed.pdf",,,,73bdea21-3e3f-4232-861e-760a6306bf4b
"2026-04-20 09:24:03",download_click,001897c5-8aed-4938-aeb8-a6b82e0a397e,,,,,73bdea21-3e3f-4232-861e-760a6306bf4b
"2026-04-20 09:23:27",compress_success,001897c5-8aed-4938-aeb8-a6b82e0a397e,"资深体验设计师-李彬-作品集-原始41M备份.pdf",,9.0,,73bdea21-3e3f-4232-861e-760a6306bf4b
"2026-04-20 09:21:37",compress_start,001897c5-8aed-4938-aeb8-a6b82e0a397e,"资深体验设计师-李彬-作品集-原始41M备份.pdf",42544616,9.0,,
"2026-04-20 09:21:37",upload_success,001897c5-8aed-4938-aeb8-a6b82e0a397e,"资深体验设计师-李彬-作品集-原始41M备份.pdf",42544616,,,
"2026-04-20 09:21:36",upload_click,001897c5-8aed-4938-aeb8-a6b82e0a397e,,,,,
"2026-04-20 09:21:35",target_size_input,001897c5-8aed-4938-aeb8-a6b82e0a397e,,,9.0,,
"2026-04-20 09:21:34",upload_success,001897c5-8aed-4938-aeb8-a6b82e0a397e,"资深体验设计师-李彬-作品集-原始41M备份.pdf",42544616,,,
"2026-04-20 09:21:16",upload_click,001897c5-8aed-4938-aeb8-a6b82e0a397e,,,,,
"2026-04-20 09:21:14",page_visit,001897c5-8aed-4938-aeb8-a6b82e0a397e,,,,,
"2026-04-19 22:04:31",download_success,001897c5-8aed-4938-aeb8-a6b82e0a397e,"资深体验设计师-李彬-作品集-compressed.pdf",,,,6810edaf-7b5d-4c07-ac61-05bda0c674e1
"2026-04-19 22:04:31",download_click,001897c5-8aed-4938-aeb8-a6b82e0a397e,,,,,6810edaf-7b5d-4c07-ac61-05bda0c674e1
"2026-04-19 22:04:28",compress_success,001897c5-8aed-4938-aeb8-a6b82e0a397e,"资深体验设计师-李彬-作品集.pdf",,11.0,,6810edaf-7b5d-4c07-ac61-05bda0c674e1
"2026-04-19 22:02:22",compress_start,001897c5-8aed-4938-aeb8-a6b82e0a397e,"资深体验设计师-李彬-作品集.pdf",29927503,11.0,,
"2026-04-19 22:02:22",upload_success,001897c5-8aed-4938-aeb8-a6b82e0a397e,"资深体验设计师-李彬-作品集.pdf",29927503,,,
"2026-04-19 22:02:21",upload_click,001897c5-8aed-4938-aeb8-a6b82e0a397e,,,,,
"2026-04-19 22:02:20",target_size_input,001897c5-8aed-4938-aeb8-a6b82e0a397e,,,11.0,,
"2026-04-19 22:02:20",target_size_input,001897c5-8aed-4938-aeb8-a6b82e0a397e,,,1.0,,
"2026-04-19 22:02:18",upload_success,001897c5-8aed-4938-aeb8-a6b82e0a397e,"资深体验设计师-李彬-作品集.pdf",29927503,,,
"2026-04-19 22:02:15",upload_click,001897c5-8aed-4938-aeb8-a6b82e0a397e,,,,,
"2026-04-19 22:02:14",page_visit,001897c5-8aed-4938-aeb8-a6b82e0a397e,,,,,
"2026-04-19 21:53:20",download_success,001897c5-8aed-4938-aeb8-a6b82e0a397e,"资深体验设计师-李彬-作品集-compressed.pdf",,,,1da1c1d2-1ff8-4f67-9279-7830ecad42c6
"2026-04-19 21:53:20",download_click,001897c5-8aed-4938-aeb8-a6b82e0a397e,,,,,1da1c1d2-1ff8-4f67-9279-7830ecad42c6
"2026-04-19 21:52:53",compress_success,001897c5-8aed-4938-aeb8-a6b82e0a397e,"资深体验设计师-李彬-作品集.pdf",,13.0,,1da1c1d2-1ff8-4f67-9279-7830ecad42c6
"2026-04-19 21:51:43",compress_start,001897c5-8aed-4938-aeb8-a6b82e0a397e,"资深体验设计师-李彬-作品集.pdf",29927503,13.0,,
"2026-04-19 21:51:43",upload_success,001897c5-8aed-4938-aeb8-a6b82e0a397e,"资深体验设计师-李彬-作品集.pdf",29927503,,,
"2026-04-19 21:51:43",upload_click,001897c5-8aed-4938-aeb8-a6b82e0a397e,,,,,
"2026-04-19 21:51:42",target_size_input,001897c5-8aed-4938-aeb8-a6b82e0a397e,,,13.0,,
"2026-04-19 21:51:41",target_size_input,001897c5-8aed-4938-aeb8-a6b82e0a397e,,,1.0,,
"2026-04-19 21:51:40",upload_success,001897c5-8aed-4938-aeb8-a6b82e0a397e,"资深体验设计师-李彬-作品集.pdf",29927503,,,
"2026-04-19 21:51:37",upload_click,001897c5-8aed-4938-aeb8-a6b82e0a397e,,,,,
"2026-04-19 21:51:36",page_visit,001897c5-8aed-4938-aeb8-a6b82e0a397e,,,,,
"2026-04-19 21:51:33",page_visit,001897c5-8aed-4938-aeb8-a6b82e0a397e,,,,,
"2026-04-19 21:51:00",page_visit,001897c5-8aed-4938-aeb8-a6b82e0a397e,,,,,
"2026-04-19 21:42:17",download_success,001897c5-8aed-4938-aeb8-a6b82e0a397e,"资深体验设计师-李彬-作品集-compressed.pdf",,,,d716ee5e-2eb4-4518-8b21-30abcef1cb92
"2026-04-19 21:42:17",download_click,001897c5-8aed-4938-aeb8-a6b82e0a397e,,,,,d716ee5e-2eb4-4518-8b21-30abcef1cb92
"2026-04-19 21:41:17",compress_success,001897c5-8aed-4938-aeb8-a6b82e0a397e,"资深体验设计师-李彬-作品集.pdf",,12.0,,d716ee5e-2eb4-4518-8b21-30abcef1cb92
"2026-04-19 21:40:06",compress_start,001897c5-8aed-4938-aeb8-a6b82e0a397e,"资深体验设计师-李彬-作品集.pdf",29927503,12.0,,
"2026-04-19 21:40:06",upload_success,001897c5-8aed-4938-aeb8-a6b82e0a397e,"资深体验设计师-李彬-作品集.pdf",29927503,,,
"2026-04-19 21:40:06",upload_click,001897c5-8aed-4938-aeb8-a6b82e0a397e,,,,,
"2026-04-19 21:40:05",target_size_input,001897c5-8aed-4938-aeb8-a6b82e0a397e,,,12.0,,
"2026-04-19 21:40:05",target_size_input,001897c5-8aed-4938-aeb8-a6b82e0a397e,,,1.0,,
"2026-04-19 21:40:03",upload_success,001897c5-8aed-4938-aeb8-a6b82e0a397e,"资深体验设计师-李彬-作品集.pdf",29927503,,,
"2026-04-19 21:40:00",upload_click,001897c5-8aed-4938-aeb8-a6b82e0a397e,,,,,
"2026-04-19 21:39:58",page_visit,001897c5-8aed-4938-aeb8-a6b82e0a397e,,,,,
"2026-04-19 21:21:28",compress_success,001897c5-8aed-4938-aeb8-a6b82e0a397e,"资深体验设计师-李彬-作品集.pdf",,12.0,,ea3c75ad-e196-48ac-92aa-9345099fcd4d
"2026-04-19 21:20:21",compress_start,001897c5-8aed-4938-aeb8-a6b82e0a397e,"资深体验设计师-李彬-作品集.pdf",29927503,12.0,,
"2026-04-19 21:20:21",upload_success,001897c5-8aed-4938-aeb8-a6b82e0a397e,"资深体验设计师-李彬-作品集.pdf",29927503,,,
"2026-04-19 21:20:20",upload_click,001897c5-8aed-4938-aeb8-a6b82e0a397e,,,,,
"2026-04-19 21:20:20",target_size_input,001897c5-8aed-4938-aeb8-a6b82e0a397e,,,12.0,,
"2026-04-19 21:20:20",target_size_input,001897c5-8aed-4938-aeb8-a6b82e0a397e,,,1.0,,
"2026-04-19 21:20:18",upload_success,001897c5-8aed-4938-aeb8-a6b82e0a397e,"资深体验设计师-李彬-作品集.pdf",29927503,,,
"2026-04-19 21:20:15",upload_click,001897c5-8aed-4938-aeb8-a6b82e0a397e,,,,,
"2026-04-19 21:20:00",page_visit,001897c5-8aed-4938-aeb8-a6b82e0a397e,,,,,
"2026-04-18 22:59:39",page_visit,001897c5-8aed-4938-aeb8-a6b82e0a397e,,,,,
"2026-04-18 22:54:51",compress_success,001897c5-8aed-4938-aeb8-a6b82e0a397e,"资深体验设计师-李彬-作品集.pdf",,13.0,,47124efe-6b4c-4dbb-bb2e-e20b50205f48
"2026-04-18 22:46:57",compress_start,001897c5-8aed-4938-aeb8-a6b82e0a397e,"资深体验设计师-李彬-作品集.pdf",29927503,13.0,,
"2026-04-18 22:46:57",upload_success,001897c5-8aed-4938-aeb8-a6b82e0a397e,"资深体验设计师-李彬-作品集.pdf",29927503,,,
"2026-04-18 22:46:57",upload_click,001897c5-8aed-4938-aeb8-a6b82e0a397e,,,,,
"2026-04-18 22:46:55",target_size_input,001897c5-8aed-4938-aeb8-a6b82e0a397e,,,13.0,,
"2026-04-18 22:46:55",target_size_input,001897c5-8aed-4938-aeb8-a6b82e0a397e,,,1.0,,
"2026-04-18 22:46:54",upload_success,001897c5-8aed-4938-aeb8-a6b82e0a397e,"资深体验设计师-李彬-作品集.pdf",29927503,,,
"2026-04-18 22:46:50",upload_click,001897c5-8aed-4938-aeb8-a6b82e0a397e,,,,,
"2026-04-18 22:46:48",page_visit,001897c5-8aed-4938-aeb8-a6b82e0a397e,,,,,
"2026-04-18 22:42:49",compress_success,001897c5-8aed-4938-aeb8-a6b82e0a397e,"资深体验设计师-李彬-作品集.pdf",,15.0,,424b5433-21ef-47b7-9042-2802635a14dc
"2026-04-18 22:41:43",compress_start,001897c5-8aed-4938-aeb8-a6b82e0a397e,"资深体验设计师-李彬-作品集.pdf",29927503,15.0,,
"2026-04-18 22:41:43",upload_success,001897c5-8aed-4938-aeb8-a6b82e0a397e,"资深体验设计师-李彬-作品集.pdf",29927503,,,
"2026-04-18 22:41:43",upload_click,001897c5-8aed-4938-aeb8-a6b82e0a397e,,,,,
"2026-04-18 22:41:41",target_size_input,001897c5-8aed-4938-aeb8-a6b82e0a397e,,,15.0,,
"2026-04-18 22:41:41",target_size_input,001897c5-8aed-4938-aeb8-a6b82e0a397e,,,1.0,,
"2026-04-18 22:41:39",upload_success,001897c5-8aed-4938-aeb8-a6b82e0a397e,"资深体验设计师-李彬-作品集.pdf",29927503,,,
"2026-04-18 22:41:36",upload_click,001897c5-8aed-4938-aeb8-a6b82e0a397e,,,,,
"2026-04-18 22:40:46",page_visit,001897c5-8aed-4938-aeb8-a6b82e0a397e,,,,,
"2026-04-18 22:32:04",download_success,001897c5-8aed-4938-aeb8-a6b82e0a397e,"资深体验设计师-李彬-作品集-compressed.pdf",,,,19cb7478-3d32-40cb-8bc0-fab54cb0517a
"2026-04-18 22:32:04",download_click,001897c5-8aed-4938-aeb8-a6b82e0a397e,,,,,19cb7478-3d32-40cb-8bc0-fab54cb0517a
"2026-04-18 22:31:59",compress_success,001897c5-8aed-4938-aeb8-a6b82e0a397e,"资深体验设计师-李彬-作品集.pdf",,13.0,,19cb7478-3d32-40cb-8bc0-fab54cb0517a
"2026-04-18 22:29:28",compress_start,001897c5-8aed-4938-aeb8-a6b82e0a397e,"资深体验设计师-李彬-作品集.pdf",29927503,13.0,,
"2026-04-18 22:29:28",upload_success,001897c5-8aed-4938-aeb8-a6b82e0a397e,"资深体验设计师-李彬-作品集.pdf",29927503,,,
"2026-04-18 22:29:28",upload_click,001897c5-8aed-4938-aeb8-a6b82e0a397e,,,,,
"2026-04-18 22:29:27",target_size_input,001897c5-8aed-4938-aeb8-a6b82e0a397e,,,13.0,,
"2026-04-18 22:29:27",target_size_input,001897c5-8aed-4938-aeb8-a6b82e0a397e,,,1.0,,
"2026-04-18 22:29:26",upload_success,001897c5-8aed-4938-aeb8-a6b82e0a397e,"资深体验设计师-李彬-作品集.pdf",29927503,,,
"2026-04-18 22:29:22",upload_click,001897c5-8aed-4938-aeb8-a6b82e0a397e,,,,,
"2026-04-18 22:29:07",page_visit,001897c5-8aed-4938-aeb8-a6b82e0a397e,,,,,
"2026-04-18 21:45:28",compress_success,001897c5-8aed-4938-aeb8-a6b82e0a397e,"资深体验设计师-李彬-作品集.pdf",,14.0,,27e8da50-3369-40e2-b44d-434f0dbafeaa
"2026-04-18 21:42:40",compress_start,001897c5-8aed-4938-aeb8-a6b82e0a397e,"资深体验设计师-李彬-作品集.pdf",29927503,14.0,,
"2026-04-18 21:42:40",upload_success,001897c5-8aed-4938-aeb8-a6b82e0a397e,"资深体验设计师-李彬-作品集.pdf",29927503,,,
"2026-04-18 21:42:40",upload_click,001897c5-8aed-4938-aeb8-a6b82e0a397e,,,,,
"2026-04-18 21:42:39",target_size_input,001897c5-8aed-4938-aeb8-a6b82e0a397e,,,14.0,,
"2026-04-18 21:42:39",target_size_input,001897c5-8aed-4938-aeb8-a6b82e0a397e,,,1.0,,
"2026-04-18 21:42:38",upload_success,001897c5-8aed-4938-aeb8-a6b82e0a397e,"资深体验设计师-李彬-作品集.pdf",29927503,,,
"2026-04-18 21:42:35",upload_click,001897c5-8aed-4938-aeb8-a6b82e0a397e,,,,,
"2026-04-18 21:42:34",page_visit,001897c5-8aed-4938-aeb8-a6b82e0a397e,,,,,
"2026-04-18 21:37:54",download_success,001897c5-8aed-4938-aeb8-a6b82e0a397e,"资深体验设计师-李彬-作品集-compressed.pdf",,,,475d51cc-6a27-4b7f-91ba-4fbc998cb565
"2026-04-18 21:37:54",download_click,001897c5-8aed-4938-aeb8-a6b82e0a397e,,,,,475d51cc-6a27-4b7f-91ba-4fbc998cb565
"2026-04-18 21:37:35",compress_success,001897c5-8aed-4938-aeb8-a6b82e0a397e,"资深体验设计师-李彬-作品集.pdf",,9.0,,475d51cc-6a27-4b7f-91ba-4fbc998cb565
"2026-04-18 21:36:31",download_click,001897c5-8aed-4938-aeb8-a6b82e0a397e,,,,,475d51cc-6a27-4b7f-91ba-4fbc998cb565
"2026-04-18 21:35:17",compress_start,001897c5-8aed-4938-aeb8-a6b82e0a397e,"资深体验设计师-李彬-作品集.pdf",29927503,9.0,,
"2026-04-18 21:35:17",upload_success,001897c5-8aed-4938-aeb8-a6b82e0a397e,"资深体验设计师-李彬-作品集.pdf",29927503,,,
"2026-04-18 21:35:17",upload_click,001897c5-8aed-4938-aeb8-a6b82e0a397e,,,,,
"2026-04-18 21:35:16",target_size_input,001897c5-8aed-4938-aeb8-a6b82e0a397e,,,9.0,,
"2026-04-18 21:35:14",upload_success,001897c5-8aed-4938-aeb8-a6b82e0a397e,"资深体验设计师-李彬-作品集.pdf",29927503,,,
"2026-04-18 21:35:11",upload_click,001897c5-8aed-4938-aeb8-a6b82e0a397e,,,,,
"2026-04-18 21:35:10",page_visit,001897c5-8aed-4938-aeb8-a6b82e0a397e,,,,,
"2026-04-18 21:35:06",upload_click,001897c5-8aed-4938-aeb8-a6b82e0a397e,,,,,
"2026-04-18 21:19:37",download_success,001897c5-8aed-4938-aeb8-a6b82e0a397e,"资深体验设计师-李彬-作品集-compressed.pdf",,,,35070408-cbd7-4654-b08f-c62fb5d02ebc
"2026-04-18 21:19:37",download_click,001897c5-8aed-4938-aeb8-a6b82e0a397e,,,,,35070408-cbd7-4654-b08f-c62fb5d02ebc
"2026-04-18 21:19:31",compress_success,001897c5-8aed-4938-aeb8-a6b82e0a397e,"资深体验设计师-李彬-作品集.pdf",,12.0,,35070408-cbd7-4654-b08f-c62fb5d02ebc
"2026-04-18 21:17:21",compress_start,001897c5-8aed-4938-aeb8-a6b82e0a397e,"资深体验设计师-李彬-作品集.pdf",29927503,12.0,,
"2026-04-18 21:17:21",upload_success,001897c5-8aed-4938-aeb8-a6b82e0a397e,"资深体验设计师-李彬-作品集.pdf",29927503,,,
"2026-04-18 21:17:21",upload_click,001897c5-8aed-4938-aeb8-a6b82e0a397e,,,,,
"2026-04-18 21:17:20",target_size_input,001897c5-8aed-4938-aeb8-a6b82e0a397e,,,12.0,,
"2026-04-18 21:17:20",target_size_input,001897c5-8aed-4938-aeb8-a6b82e0a397e,,,1.0,,
"2026-04-18 21:17:19",upload_success,001897c5-8aed-4938-aeb8-a6b82e0a397e,"资深体验设计师-李彬-作品集.pdf",29927503,,,
"2026-04-18 21:17:15",upload_click,001897c5-8aed-4938-aeb8-a6b82e0a397e,,,,,
"2026-04-18 21:17:13",page_visit,001897c5-8aed-4938-aeb8-a6b82e0a397e,,,,,
"2026-04-18 21:17:12",page_visit,001897c5-8aed-4938-aeb8-a6b82e0a397e,,,,,
"2026-04-18 21:06:33",page_visit,001897c5-8aed-4938-aeb8-a6b82e0a397e,,,,,
"2026-04-18 21:06:21",download_success,001897c5-8aed-4938-aeb8-a6b82e0a397e,"资深体验设计师-李彬-作品集-compressed.pdf",,,,55bfc402-b515-43f0-b8b4-e1394c9a59b3
"2026-04-18 21:06:21",download_click,001897c5-8aed-4938-aeb8-a6b82e0a397e,,,,,55bfc402-b515-43f0-b8b4-e1394c9a59b3
"2026-04-18 21:05:04",compress_success,001897c5-8aed-4938-aeb8-a6b82e0a397e,"资深体验设计师-李彬-作品集.pdf",,20.0,,55bfc402-b515-43f0-b8b4-e1394c9a59b3
"2026-04-18 21:02:56",compress_start,001897c5-8aed-4938-aeb8-a6b82e0a397e,"资深体验设计师-李彬-作品集.pdf",29927503,20.0,,
"2026-04-18 21:02:56",upload_success,001897c5-8aed-4938-aeb8-a6b82e0a397e,"资深体验设计师-李彬-作品集.pdf",29927503,,,
"2026-04-18 21:02:56",upload_click,001897c5-8aed-4938-aeb8-a6b82e0a397e,,,,,
"2026-04-18 21:02:55",target_size_input,001897c5-8aed-4938-aeb8-a6b82e0a397e,,,20.0,,
"2026-04-18 21:02:55",target_size_input,001897c5-8aed-4938-aeb8-a6b82e0a397e,,,2.0,,
"2026-04-18 21:02:53",upload_success,001897c5-8aed-4938-aeb8-a6b82e0a397e,"资深体验设计师-李彬-作品集.pdf",29927503,,,
"2026-04-18 21:02:50",upload_click,001897c5-8aed-4938-aeb8-a6b82e0a397e,,,,,
"2026-04-18 21:02:31",page_visit,001897c5-8aed-4938-aeb8-a6b82e0a397e,,,,,
"2026-04-18 21:02:25",page_visit,001897c5-8aed-4938-aeb8-a6b82e0a397e,,,,,
"2026-04-18 21:01:38",compress_success,14c0b3d8-f910-4512-9991-c67543c8f436,"资深体验设计师-李彬-作品集-原始41M备份.pdf",,0.2,,2ef2d13f-d888-47b5-8f01-971a464c2022
"2026-04-18 20:59:29",compress_start,14c0b3d8-f910-4512-9991-c67543c8f436,"资深体验设计师-李彬-作品集-原始41M备份.pdf",42544616,0.2,,
"2026-04-18 20:59:29",upload_success,14c0b3d8-f910-4512-9991-c67543c8f436,"资深体验设计师-李彬-作品集-原始41M备份.pdf",42544616,,,
"2026-04-18 20:59:29",upload_click,14c0b3d8-f910-4512-9991-c67543c8f436,,,,,
"2026-04-18 20:54:27",compress_failure,001897c5-8aed-4938-aeb8-a6b82e0a397e,"资深体验设计师-李彬-作品集.pdf",,,"未能压缩到目标大小，当前文件较优结果约为 28.54MB，请提高目标值后重试",325208b3-e2f7-4f94-8da3-a8269c6f4e82
"2026-04-18 20:52:20",compress_start,001897c5-8aed-4938-aeb8-a6b82e0a397e,"资深体验设计师-李彬-作品集.pdf",29927503,8.0,,
"2026-04-18 20:52:20",upload_success,001897c5-8aed-4938-aeb8-a6b82e0a397e,"资深体验设计师-李彬-作品集.pdf",29927503,,,
"2026-04-18 20:52:20",upload_click,001897c5-8aed-4938-aeb8-a6b82e0a397e,,,,,
"2026-04-18 20:52:19",target_size_input,001897c5-8aed-4938-aeb8-a6b82e0a397e,,,8.0,,
"2026-04-18 20:52:17",upload_success,001897c5-8aed-4938-aeb8-a6b82e0a397e,"资深体验设计师-李彬-作品集.pdf",29927503,,,
"2026-04-18 20:52:14",upload_click,001897c5-8aed-4938-aeb8-a6b82e0a397e,,,,,
"2026-04-18 20:52:13",page_visit,001897c5-8aed-4938-aeb8-a6b82e0a397e,,,,,
"2026-04-18 20:52:06",download_click,001897c5-8aed-4938-aeb8-a6b82e0a397e,,,,,522928e1-2a38-4ca0-a362-b846c43484a0
"2026-04-18 20:51:58",compress_failure,001897c5-8aed-4938-aeb8-a6b82e0a397e,"资深体验设计师-李彬-作品集.pdf",,,"未能压缩到目标大小，当前文件较优结果约为 28.54MB，请提高目标值后重试",522928e1-2a38-4ca0-a362-b846c43484a0
"2026-04-18 20:49:46",compress_start,001897c5-8aed-4938-aeb8-a6b82e0a397e,"资深体验设计师-李彬-作品集.pdf",29927503,15.0,,
"2026-04-18 20:49:46",upload_success,001897c5-8aed-4938-aeb8-a6b82e0a397e,"资深体验设计师-李彬-作品集.pdf",29927503,,,
"2026-04-18 20:49:45",upload_click,001897c5-8aed-4938-aeb8-a6b82e0a397e,,,,,
"2026-04-18 20:49:44",target_size_input,001897c5-8aed-4938-aeb8-a6b82e0a397e,,,15.0,,
"2026-04-18 20:49:41",target_size_input,001897c5-8aed-4938-aeb8-a6b82e0a397e,,,14.0,,
"2026-04-18 20:49:38",target_size_input,001897c5-8aed-4938-aeb8-a6b82e0a397e,,,14.7,,
"2026-04-18 20:49:38",target_size_input,001897c5-8aed-4938-aeb8-a6b82e0a397e,,,14.8,,
"2026-04-18 20:49:38",target_size_input,001897c5-8aed-4938-aeb8-a6b82e0a397e,,,14.9,,
"2026-04-18 20:49:38",target_size_input,001897c5-8aed-4938-aeb8-a6b82e0a397e,,,15.0,,
"2026-04-18 20:49:35",upload_success,001897c5-8aed-4938-aeb8-a6b82e0a397e,"资深体验设计师-李彬-作品集.pdf",29927503,,,
"2026-04-18 20:49:32",upload_click,001897c5-8aed-4938-aeb8-a6b82e0a397e,,,,,
"2026-04-18 20:49:30",page_visit,001897c5-8aed-4938-aeb8-a6b82e0a397e,,,,,
"2026-04-18 19:30:59",compress_partial_success,001897c5-8aed-4938-aeb8-a6b82e0a397e,"资深体验设计师-李彬-作品集.pdf",,15.0,,6063b243-861e-4f86-b44b-2966e9a0e2db
"2026-04-18 19:29:36",compress_start,001897c5-8aed-4938-aeb8-a6b82e0a397e,"资深体验设计师-李彬-作品集.pdf",29927503,15.0,,
"2026-04-18 19:29:36",upload_success,001897c5-8aed-4938-aeb8-a6b82e0a397e,"资深体验设计师-李彬-作品集.pdf",29927503,,,
"2026-04-18 19:29:36",upload_click,001897c5-8aed-4938-aeb8-a6b82e0a397e,,,,,
"2026-04-18 19:29:35",target_size_input,001897c5-8aed-4938-aeb8-a6b82e0a397e,,,15.0,,
"2026-04-18 19:29:31",upload_success,001897c5-8aed-4938-aeb8-a6b82e0a397e,"资深体验设计师-李彬-作品集.pdf",29927503,,,
"2026-04-18 19:29:25",upload_click,001897c5-8aed-4938-aeb8-a6b82e0a397e,,,,,
"2026-04-18 19:29:18",compress_success,001897c5-8aed-4938-aeb8-a6b82e0a397e,"资深体验设计师-李彬-作品集.pdf",,10.0,,9749751e-0af7-4772-849b-9382054f9fea
"2026-04-18 19:26:46",compress_start,001897c5-8aed-4938-aeb8-a6b82e0a397e,"资深体验设计师-李彬-作品集.pdf",20110306,10.0,,
"2026-04-18 19:26:46",upload_success,001897c5-8aed-4938-aeb8-a6b82e0a397e,"资深体验设计师-李彬-作品集.pdf",20110306,,,
"2026-04-18 19:26:45",upload_click,001897c5-8aed-4938-aeb8-a6b82e0a397e,,,,,
"2026-04-18 19:26:44",target_size_input,001897c5-8aed-4938-aeb8-a6b82e0a397e,,,10.0,,
"2026-04-18 19:26:44",target_size_input,001897c5-8aed-4938-aeb8-a6b82e0a397e,,,1.0,,
"2026-04-18 19:26:43",upload_success,001897c5-8aed-4938-aeb8-a6b82e0a397e,"资深体验设计师-李彬-作品集.pdf",20110306,,,
"2026-04-18 19:26:37",upload_click,001897c5-8aed-4938-aeb8-a6b82e0a397e,,,,,
"2026-04-17 14:26:53",download_success,001897c5-8aed-4938-aeb8-a6b82e0a397e,"资深体验设计师-李彬-作品集-高清版-compressed.pdf",,,,3f54fbc4-3130-4c76-a9c2-a36d9024a3ca
"2026-04-17 14:26:53",download_click,001897c5-8aed-4938-aeb8-a6b82e0a397e,,,,,3f54fbc4-3130-4c76-a9c2-a36d9024a3ca
"2026-04-17 14:24:15",compress_success,001897c5-8aed-4938-aeb8-a6b82e0a397e,"资深体验设计师-李彬-作品集-高清版.pdf",,20.0,,3f54fbc4-3130-4c76-a9c2-a36d9024a3ca
"2026-04-17 14:20:10",compress_start,001897c5-8aed-4938-aeb8-a6b82e0a397e,"资深体验设计师-李彬-作品集-高清版.pdf",92896491,20.0,,
"2026-04-17 14:20:10",upload_success,001897c5-8aed-4938-aeb8-a6b82e0a397e,"资深体验设计师-李彬-作品集-高清版.pdf",92896491,,,
"2026-04-17 14:20:10",upload_click,001897c5-8aed-4938-aeb8-a6b82e0a397e,,,,,
"2026-04-17 14:20:09",target_size_input,001897c5-8aed-4938-aeb8-a6b82e0a397e,,,20.0,,
"2026-04-17 14:20:06",upload_success,001897c5-8aed-4938-aeb8-a6b82e0a397e,"资深体验设计师-李彬-作品集-高清版.pdf",92896491,,,
"2026-04-17 14:19:54",page_visit,001897c5-8aed-4938-aeb8-a6b82e0a397e,,,,,
"2026-04-17 14:19:53",page_visit,001897c5-8aed-4938-aeb8-a6b82e0a397e,,,,,
"2026-04-17 14:19:49",upload_success,001897c5-8aed-4938-aeb8-a6b82e0a397e,"资深体验设计师-李彬-作品集.pdf",29927503,,,
"2026-04-17 14:19:37",page_visit,001897c5-8aed-4938-aeb8-a6b82e0a397e,,,,,
"2026-04-17 14:10:10",download_success,001897c5-8aed-4938-aeb8-a6b82e0a397e,"资深体验设计师-李彬-作品集-compressed.pdf",,,,0b152159-edfc-4104-8e08-ae66be29bca6
"2026-04-17 14:10:10",download_click,001897c5-8aed-4938-aeb8-a6b82e0a397e,,,,,0b152159-edfc-4104-8e08-ae66be29bca6
"2026-04-17 14:04:40",compress_partial_success,001897c5-8aed-4938-aeb8-a6b82e0a397e,"资深体验设计师-李彬-作品集.pdf",,15.0,,0b152159-edfc-4104-8e08-ae66be29bca6
"2026-04-17 14:03:20",compress_start,001897c5-8aed-4938-aeb8-a6b82e0a397e,"资深体验设计师-李彬-作品集.pdf",29927503,15.0,,
"2026-04-17 14:03:20",upload_success,001897c5-8aed-4938-aeb8-a6b82e0a397e,"资深体验设计师-李彬-作品集.pdf",29927503,,,
"2026-04-17 14:03:20",upload_click,001897c5-8aed-4938-aeb8-a6b82e0a397e,,,,,
"2026-04-17 14:03:19",target_size_input,001897c5-8aed-4938-aeb8-a6b82e0a397e,,,15.0,,
"2026-04-17 14:03:17",upload_success,001897c5-8aed-4938-aeb8-a6b82e0a397e,"资深体验设计师-李彬-作品集.pdf",29927503,,,
"2026-04-17 14:03:04",page_visit,001897c5-8aed-4938-aeb8-a6b82e0a397e,,,,,
"2026-04-17 14:01:19",page_visit,001897c5-8aed-4938-aeb8-a6b82e0a397e,,,,,
"2026-04-17 13:57:42",page_visit,001897c5-8aed-4938-aeb8-a6b82e0a397e,,,,,
"2026-04-17 13:54:03",support_click,001897c5-8aed-4938-aeb8-a6b82e0a397e,,,,contact_button,
"2026-04-17 13:53:58",package_view,001897c5-8aed-4938-aeb8-a6b82e0a397e,,,,,
"2026-04-17 13:53:58",page_visit,001897c5-8aed-4938-aeb8-a6b82e0a397e,,,,,
"2026-04-17 13:48:26",refund_processed,178caeb5-4ab9-4d65-a4b9-6d15c367dad3,,,,"已人工退费至 alipay:zijinmegli@gmail.com",
"2026-04-17 13:44:54",refund_request_created,e96e4c8b-e151-40d3-aecc-c9d20a4e2687,,,,"支付后未生效，需要人工退费",
"2026-04-17 11:49:59",page_visit,001897c5-8aed-4938-aeb8-a6b82e0a397e,,,,,
"2026-04-17 11:49:21",admin_settings_saved,001897c5-8aed-4938-aeb8-a6b82e0a397e,,,,,
"2026-04-17 11:49:20",admin_settings_saved,001897c5-8aed-4938-aeb8-a6b82e0a397e,,,,,
"2026-04-17 11:49:07",page_visit,001897c5-8aed-4938-aeb8-a6b82e0a397e,,,,,
"2026-04-17 11:48:51",admin_settings_saved,001897c5-8aed-4938-aeb8-a6b82e0a397e,,,,,
"2026-04-17 11:48:22",page_visit,001897c5-8aed-4938-aeb8-a6b82e0a397e,,,,contact_button,
"2026-04-17 10:06:10",page_visit,001897c5-8aed-4938-aeb8-a6b82e0a397e,,,,,
"2026-04-16 15:51:42",file_download,001897c5-8aed-4938-aeb8-a6b82e0a397e,"资深体验设计师-李彬-作品集-高清版-compressed.pdf",,,,139dfe4b-6708-4263-939b-a710897a6e2a
"2026-04-16 15:51:42",download_button_clicked,001897c5-8aed-4938-aeb8-a6b82e0a397e,,,,,139dfe4b-6708-4263-939b-a710897a6e2a
"2026-04-16 15:33:32",download_button_clicked,001897c5-8aed-4938-aeb8-a6b82e0a397e,,,,,139dfe4b-6708-4263-939b-a710897a6e2a
"2026-04-16 15:33:19",job_created,001897c5-8aed-4938-aeb8-a6b82e0a397e,"资深体验设计师-李彬-作品集-高清版.pdf",93243752,20.0,,
"2026-04-16 15:33:19",compress_click,001897c5-8aed-4938-aeb8-a6b82e0a397e,"资深体验设计师-李彬-作品集-高清版.pdf",93243752,20.0,,
"2026-04-16 15:33:09",page_visit,001897c5-8aed-4938-aeb8-a6b82e0a397e,,,,,
"2026-04-16 15:19:46",file_download,2957aa62-a286-4317-addb-8dd71a83af9a,"资深体验设计师-李彬-作品集-原始41M备份-compressed.pdf",,,,90d7d77a-1341-4ea8-b815-40566983ed97
"2026-04-16 15:18:45",job_created,2957aa62-a286-4317-addb-8dd71a83af9a,"资深体验设计师-李彬-作品集-原始41M备份.pdf",42876090,20.0,,
"2026-04-16 15:18:45",compress_click,2957aa62-a286-4317-addb-8dd71a83af9a,"资深体验设计师-李彬-作品集-原始41M备份.pdf",42876090,20.0,,
